input,intent,response,
dimana cari skck?,skck,Surat Keterangan Catatan Kepolisian (SKCK) merupakan syarat wajib pendaftaran dan bisa dibuat secara online melalui https://ditintelkam.ntb.polri.go.id/skck/ atau dibuat langsung di Polda/Polres/Polsek terdekat dengan membawa dokumen persyaratan yang dibutuhkan. SKCK berlaku selama enam bulan setelah diterbitkan.,
bagaimana cara buat skck?,skck,Surat Keterangan Catatan Kepolisian (SKCK) merupakan syarat wajib pendaftaran dan bisa dibuat secara online melalui https://ditintelkam.ntb.polri.go.id/skck/ atau dibuat langsung di Polda/Polres/Polsek terdekat dengan membawa dokumen persyaratan yang dibutuhkan. SKCK berlaku selama enam bulan setelah diterbitkan.,
apa itu skck?,skck,Surat Keterangan Catatan Kepolisian (SKCK) merupakan syarat wajib pendaftaran dan bisa dibuat secara online melalui https://ditintelkam.ntb.polri.go.id/skck/ atau dibuat langsung di Polda/Polres/Polsek terdekat dengan membawa dokumen persyaratan yang dibutuhkan. SKCK berlaku selama enam bulan setelah diterbitkan.,
apakah skck saya masih berlaku?,skck,Surat Keterangan Catatan Kepolisian (SKCK) merupakan syarat wajib pendaftaran dan bisa dibuat secara online melalui https://ditintelkam.ntb.polri.go.id/skck/ atau dibuat langsung di Polda/Polres/Polsek terdekat dengan membawa dokumen persyaratan yang dibutuhkan. SKCK berlaku selama enam bulan setelah diterbitkan.,
berapa lama skck saya bisa digunakan?,skck,Surat Keterangan Catatan Kepolisian (SKCK) merupakan syarat wajib pendaftaran dan bisa dibuat secara online melalui https://ditintelkam.ntb.polri.go.id/skck/ atau dibuat langsung di Polda/Polres/Polsek terdekat dengan membawa dokumen persyaratan yang dibutuhkan. SKCK berlaku selama enam bulan setelah diterbitkan.,
apakah boleh tidak mencantumkan skck?,skck,Surat Keterangan Catatan Kepolisian (SKCK) merupakan syarat wajib pendaftaran dan bisa dibuat secara online melalui https://ditintelkam.ntb.polri.go.id/skck/ atau dibuat langsung di Polda/Polres/Polsek terdekat dengan membawa dokumen persyaratan yang dibutuhkan. SKCK berlaku selama enam bulan setelah diterbitkan.,
bagaimana kalau saya tidak punya skck?,skck,Surat Keterangan Catatan Kepolisian (SKCK) merupakan syarat wajib pendaftaran dan bisa dibuat secara online melalui https://ditintelkam.ntb.polri.go.id/skck/ atau dibuat langsung di Polda/Polres/Polsek terdekat dengan membawa dokumen persyaratan yang dibutuhkan. SKCK berlaku selama enam bulan setelah diterbitkan.,
siapa yang membuat skck?,skck,Surat Keterangan Catatan Kepolisian (SKCK) merupakan syarat wajib pendaftaran dan bisa dibuat secara online melalui https://ditintelkam.ntb.polri.go.id/skck/ atau dibuat langsung di Polda/Polres/Polsek terdekat dengan membawa dokumen persyaratan yang dibutuhkan. SKCK berlaku selama enam bulan setelah diterbitkan.,
bagaimana kalau skck saya tidak lagi berlaku?,skck,Surat Keterangan Catatan Kepolisian (SKCK) merupakan syarat wajib pendaftaran dan bisa dibuat secara online melalui https://ditintelkam.ntb.polri.go.id/skck/ atau dibuat langsung di Polda/Polres/Polsek terdekat dengan membawa dokumen persyaratan yang dibutuhkan. SKCK berlaku selama enam bulan setelah diterbitkan.,
gimana kalau skckku sudah kadaluarsa?,skck,Surat Keterangan Catatan Kepolisian (SKCK) merupakan syarat wajib pendaftaran dan bisa dibuat secara online melalui https://ditintelkam.ntb.polri.go.id/skck/ atau dibuat langsung di Polda/Polres/Polsek terdekat dengan membawa dokumen persyaratan yang dibutuhkan. SKCK berlaku selama enam bulan setelah diterbitkan.,
skck punyaku sudah expire,skck,Surat Keterangan Catatan Kepolisian (SKCK) merupakan syarat wajib pendaftaran dan bisa dibuat secara online melalui https://ditintelkam.ntb.polri.go.id/skck/ atau dibuat langsung di Polda/Polres/Polsek terdekat dengan membawa dokumen persyaratan yang dibutuhkan. SKCK berlaku selama enam bulan setelah diterbitkan.,
aku ga punya skck,skck,Surat Keterangan Catatan Kepolisian (SKCK) merupakan syarat wajib pendaftaran dan bisa dibuat secara online melalui https://ditintelkam.ntb.polri.go.id/skck/ atau dibuat langsung di Polda/Polres/Polsek terdekat dengan membawa dokumen persyaratan yang dibutuhkan. SKCK berlaku selama enam bulan setelah diterbitkan.,
saya tidak punya skck,skck,Surat Keterangan Catatan Kepolisian (SKCK) merupakan syarat wajib pendaftaran dan bisa dibuat secara online melalui https://ditintelkam.ntb.polri.go.id/skck/ atau dibuat langsung di Polda/Polres/Polsek terdekat dengan membawa dokumen persyaratan yang dibutuhkan. SKCK berlaku selama enam bulan setelah diterbitkan.,
skck punyaku hilang,skck,Surat Keterangan Catatan Kepolisian (SKCK) merupakan syarat wajib pendaftaran dan bisa dibuat secara online melalui https://ditintelkam.ntb.polri.go.id/skck/ atau dibuat langsung di Polda/Polres/Polsek terdekat dengan membawa dokumen persyaratan yang dibutuhkan. SKCK berlaku selama enam bulan setelah diterbitkan.,
skck hilang,skck,Surat Keterangan Catatan Kepolisian (SKCK) merupakan syarat wajib pendaftaran dan bisa dibuat secara online melalui https://ditintelkam.ntb.polri.go.id/skck/ atau dibuat langsung di Polda/Polres/Polsek terdekat dengan membawa dokumen persyaratan yang dibutuhkan. SKCK berlaku selama enam bulan setelah diterbitkan.,
skck kadaluarsa,skck,Surat Keterangan Catatan Kepolisian (SKCK) merupakan syarat wajib pendaftaran dan bisa dibuat secara online melalui https://ditintelkam.ntb.polri.go.id/skck/ atau dibuat langsung di Polda/Polres/Polsek terdekat dengan membawa dokumen persyaratan yang dibutuhkan. SKCK berlaku selama enam bulan setelah diterbitkan.,
dimana daftarnya?,daftar,"Untuk mengikuti rekrutmen ini, mohon ikuti langkah berikut:
1. Baca tata cara melamar di https://rekrutmen.fiktif.id/tatacara
2. Buat akun di https://rekrutmen.fiktif.id/registrasi menggunakan alamat email dan nomor telepon aktif milik pribadi
3. Lengkapi formulir pendaftaran dan upload seluruh dokumen yang dibutuhkan dan tunggu pengumuman tahap berikutnya",
cara daftar rekrutmen gimana?,daftar,"Untuk mengikuti rekrutmen ini, mohon ikuti langkah berikut:
1. Baca tata cara melamar di https://rekrutmen.fiktif.id/tatacara
2. Buat akun di https://rekrutmen.fiktif.id/registrasi menggunakan alamat email dan nomor telepon aktif milik pribadi
3. Lengkapi formulir pendaftaran dan upload seluruh dokumen yang dibutuhkan dan tunggu pengumuman tahap berikutnya",
bagaimana cara daftar rekrutmen?,daftar,"Untuk mengikuti rekrutmen ini, mohon ikuti langkah berikut:
1. Baca tata cara melamar di https://rekrutmen.fiktif.id/tatacara
2. Buat akun di https://rekrutmen.fiktif.id/registrasi menggunakan alamat email dan nomor telepon aktif milik pribadi
3. Lengkapi formulir pendaftaran dan upload seluruh dokumen yang dibutuhkan dan tunggu pengumuman tahap berikutnya",
dimana form rekrutmennya?,daftar,"Untuk mengikuti rekrutmen ini, mohon ikuti langkah berikut:
1. Baca tata cara melamar di https://rekrutmen.fiktif.id/tatacara
2. Buat akun di https://rekrutmen.fiktif.id/registrasi menggunakan alamat email dan nomor telepon aktif milik pribadi
3. Lengkapi formulir pendaftaran dan upload seluruh dokumen yang dibutuhkan dan tunggu pengumuman tahap berikutnya",
ikut rekrutmen dimana?,daftar,"Untuk mengikuti rekrutmen ini, mohon ikuti langkah berikut:
1. Baca tata cara melamar di https://rekrutmen.fiktif.id/tatacara
2. Buat akun di https://rekrutmen.fiktif.id/registrasi menggunakan alamat email dan nomor telepon aktif milik pribadi
3. Lengkapi formulir pendaftaran dan upload seluruh dokumen yang dibutuhkan dan tunggu pengumuman tahap berikutnya",
kalau ingin ikut melamar dimana?,daftar,"Untuk mengikuti rekrutmen ini, mohon ikuti langkah berikut:
1. Baca tata cara melamar di https://rekrutmen.fiktif.id/tatacara
2. Buat akun di https://rekrutmen.fiktif.id/registrasi menggunakan alamat email dan nomor telepon aktif milik pribadi
3. Lengkapi formulir pendaftaran dan upload seluruh dokumen yang dibutuhkan dan tunggu pengumuman tahap berikutnya",
kalau mau ikut ngelamar dimana?,daftar,"Untuk mengikuti rekrutmen ini, mohon ikuti langkah berikut:
1. Baca tata cara melamar di https://rekrutmen.fiktif.id/tatacara
2. Buat akun di https://rekrutmen.fiktif.id/registrasi menggunakan alamat email dan nomor telepon aktif milik pribadi
3. Lengkapi formulir pendaftaran dan upload seluruh dokumen yang dibutuhkan dan tunggu pengumuman tahap berikutnya",
mau ikut lamaran dimana?,daftar,"Untuk mengikuti rekrutmen ini, mohon ikuti langkah berikut:
1. Baca tata cara melamar di https://rekrutmen.fiktif.id/tatacara
2. Buat akun di https://rekrutmen.fiktif.id/registrasi menggunakan alamat email dan nomor telepon aktif milik pribadi
3. Lengkapi formulir pendaftaran dan upload seluruh dokumen yang dibutuhkan dan tunggu pengumuman tahap berikutnya",
ingin ikut melamar,daftar,"Untuk mengikuti rekrutmen ini, mohon ikuti langkah berikut:
1. Baca tata cara melamar di https://rekrutmen.fiktif.id/tatacara
2. Buat akun di https://rekrutmen.fiktif.id/registrasi menggunakan alamat email dan nomor telepon aktif milik pribadi
3. Lengkapi formulir pendaftaran dan upload seluruh dokumen yang dibutuhkan dan tunggu pengumuman tahap berikutnya",
gimana kalau mau ikut lamaran?,daftar,"Untuk mengikuti rekrutmen ini, mohon ikuti langkah berikut:
1. Baca tata cara melamar di https://rekrutmen.fiktif.id/tatacara
2. Buat akun di https://rekrutmen.fiktif.id/registrasi menggunakan alamat email dan nomor telepon aktif milik pribadi
3. Lengkapi formulir pendaftaran dan upload seluruh dokumen yang dibutuhkan dan tunggu pengumuman tahap berikutnya",
bagaimana cara melamar pekerjaan?,daftar,"Untuk mengikuti rekrutmen ini, mohon ikuti langkah berikut:
1. Baca tata cara melamar di https://rekrutmen.fiktif.id/tatacara
2. Buat akun di https://rekrutmen.fiktif.id/registrasi menggunakan alamat email dan nomor telepon aktif milik pribadi
3. Lengkapi formulir pendaftaran dan upload seluruh dokumen yang dibutuhkan dan tunggu pengumuman tahap berikutnya",
cara daftar kerja bagaimana?,daftar,"Untuk mengikuti rekrutmen ini, mohon ikuti langkah berikut:
1. Baca tata cara melamar di https://rekrutmen.fiktif.id/tatacara
2. Buat akun di https://rekrutmen.fiktif.id/registrasi menggunakan alamat email dan nomor telepon aktif milik pribadi
3. Lengkapi formulir pendaftaran dan upload seluruh dokumen yang dibutuhkan dan tunggu pengumuman tahap berikutnya",
daftarnya dimana?,daftar,"Untuk mengikuti rekrutmen ini, mohon ikuti langkah berikut:
1. Baca tata cara melamar di https://rekrutmen.fiktif.id/tatacara
2. Buat akun di https://rekrutmen.fiktif.id/registrasi menggunakan alamat email dan nomor telepon aktif milik pribadi
3. Lengkapi formulir pendaftaran dan upload seluruh dokumen yang dibutuhkan dan tunggu pengumuman tahap berikutnya",
aku mau ikut rekrutmen,daftar,"Untuk mengikuti rekrutmen ini, mohon ikuti langkah berikut:
1. Baca tata cara melamar di https://rekrutmen.fiktif.id/tatacara
2. Buat akun di https://rekrutmen.fiktif.id/registrasi menggunakan alamat email dan nomor telepon aktif milik pribadi
3. Lengkapi formulir pendaftaran dan upload seluruh dokumen yang dibutuhkan dan tunggu pengumuman tahap berikutnya",
saya mau ikut lamaran,daftar,"Untuk mengikuti rekrutmen ini, mohon ikuti langkah berikut:
1. Baca tata cara melamar di https://rekrutmen.fiktif.id/tatacara
2. Buat akun di https://rekrutmen.fiktif.id/registrasi menggunakan alamat email dan nomor telepon aktif milik pribadi
3. Lengkapi formulir pendaftaran dan upload seluruh dokumen yang dibutuhkan dan tunggu pengumuman tahap berikutnya",
ngelamarnya dimana?,daftar,"Untuk mengikuti rekrutmen ini, mohon ikuti langkah berikut:
1. Baca tata cara melamar di https://rekrutmen.fiktif.id/tatacara
2. Buat akun di https://rekrutmen.fiktif.id/registrasi menggunakan alamat email dan nomor telepon aktif milik pribadi
3. Lengkapi formulir pendaftaran dan upload seluruh dokumen yang dibutuhkan dan tunggu pengumuman tahap berikutnya",
ngelamarnya gimana?,daftar,"Untuk mengikuti rekrutmen ini, mohon ikuti langkah berikut:
1. Baca tata cara melamar di https://rekrutmen.fiktif.id/tatacara
2. Buat akun di https://rekrutmen.fiktif.id/registrasi menggunakan alamat email dan nomor telepon aktif milik pribadi
3. Lengkapi formulir pendaftaran dan upload seluruh dokumen yang dibutuhkan dan tunggu pengumuman tahap berikutnya",
ikutan rekrutmen dimana?,daftar,"Untuk mengikuti rekrutmen ini, mohon ikuti langkah berikut:
1. Baca tata cara melamar di https://rekrutmen.fiktif.id/tatacara
2. Buat akun di https://rekrutmen.fiktif.id/registrasi menggunakan alamat email dan nomor telepon aktif milik pribadi
3. Lengkapi formulir pendaftaran dan upload seluruh dokumen yang dibutuhkan dan tunggu pengumuman tahap berikutnya",
ikutan rekrutmen gimana?,daftar,"Untuk mengikuti rekrutmen ini, mohon ikuti langkah berikut:
1. Baca tata cara melamar di https://rekrutmen.fiktif.id/tatacara
2. Buat akun di https://rekrutmen.fiktif.id/registrasi menggunakan alamat email dan nomor telepon aktif milik pribadi
3. Lengkapi formulir pendaftaran dan upload seluruh dokumen yang dibutuhkan dan tunggu pengumuman tahap berikutnya",
bagaimana kalau mau ikut rekrutmen?,daftar,"Untuk mengikuti rekrutmen ini, mohon ikuti langkah berikut:
1. Baca tata cara melamar di https://rekrutmen.fiktif.id/tatacara
2. Buat akun di https://rekrutmen.fiktif.id/registrasi menggunakan alamat email dan nomor telepon aktif milik pribadi
3. Lengkapi formulir pendaftaran dan upload seluruh dokumen yang dibutuhkan dan tunggu pengumuman tahap berikutnya",
gimana kalau pengen ikut rekrutmen?,daftar,"Untuk mengikuti rekrutmen ini, mohon ikuti langkah berikut:
1. Baca tata cara melamar di https://rekrutmen.fiktif.id/tatacara
2. Buat akun di https://rekrutmen.fiktif.id/registrasi menggunakan alamat email dan nomor telepon aktif milik pribadi
3. Lengkapi formulir pendaftaran dan upload seluruh dokumen yang dibutuhkan dan tunggu pengumuman tahap berikutnya",
bagaimana cara melamar?,daftar,"Untuk mengikuti rekrutmen ini, mohon ikuti langkah berikut:
1. Baca tata cara melamar di https://rekrutmen.fiktif.id/tatacara
2. Buat akun di https://rekrutmen.fiktif.id/registrasi menggunakan alamat email dan nomor telepon aktif milik pribadi
3. Lengkapi formulir pendaftaran dan upload seluruh dokumen yang dibutuhkan dan tunggu pengumuman tahap berikutnya",
ikut daftar kerja,daftar,"Untuk mengikuti rekrutmen ini, mohon ikuti langkah berikut:
1. Baca tata cara melamar di https://rekrutmen.fiktif.id/tatacara
2. Buat akun di https://rekrutmen.fiktif.id/registrasi menggunakan alamat email dan nomor telepon aktif milik pribadi
3. Lengkapi formulir pendaftaran dan upload seluruh dokumen yang dibutuhkan dan tunggu pengumuman tahap berikutnya",
pingin ikut ngelamar kerja,daftar,"Untuk mengikuti rekrutmen ini, mohon ikuti langkah berikut:
1. Baca tata cara melamar di https://rekrutmen.fiktif.id/tatacara
2. Buat akun di https://rekrutmen.fiktif.id/registrasi menggunakan alamat email dan nomor telepon aktif milik pribadi
3. Lengkapi formulir pendaftaran dan upload seluruh dokumen yang dibutuhkan dan tunggu pengumuman tahap berikutnya",
mau daftar kerja,daftar,"Untuk mengikuti rekrutmen ini, mohon ikuti langkah berikut:
1. Baca tata cara melamar di https://rekrutmen.fiktif.id/tatacara
2. Buat akun di https://rekrutmen.fiktif.id/registrasi menggunakan alamat email dan nomor telepon aktif milik pribadi
3. Lengkapi formulir pendaftaran dan upload seluruh dokumen yang dibutuhkan dan tunggu pengumuman tahap berikutnya",
mau cari kerja disini,daftar,"Untuk mengikuti rekrutmen ini, mohon ikuti langkah berikut:
1. Baca tata cara melamar di https://rekrutmen.fiktif.id/tatacara
2. Buat akun di https://rekrutmen.fiktif.id/registrasi menggunakan alamat email dan nomor telepon aktif milik pribadi
3. Lengkapi formulir pendaftaran dan upload seluruh dokumen yang dibutuhkan dan tunggu pengumuman tahap berikutnya",
pengen ikut cari kerja disini,daftar,"Untuk mengikuti rekrutmen ini, mohon ikuti langkah berikut:
1. Baca tata cara melamar di https://rekrutmen.fiktif.id/tatacara
2. Buat akun di https://rekrutmen.fiktif.id/registrasi menggunakan alamat email dan nomor telepon aktif milik pribadi
3. Lengkapi formulir pendaftaran dan upload seluruh dokumen yang dibutuhkan dan tunggu pengumuman tahap berikutnya",
ikutan lamar kerja disini,daftar,"Untuk mengikuti rekrutmen ini, mohon ikuti langkah berikut:
1. Baca tata cara melamar di https://rekrutmen.fiktif.id/tatacara
2. Buat akun di https://rekrutmen.fiktif.id/registrasi menggunakan alamat email dan nomor telepon aktif milik pribadi
3. Lengkapi formulir pendaftaran dan upload seluruh dokumen yang dibutuhkan dan tunggu pengumuman tahap berikutnya",
apa kompetensi yang dibutuhkan role data scientist?,qualification,"Untuk role Data Scientist ada beberapa kualifikasi yang harus dipenuhi:
1. Memiliki gelar sarjana di bidang informatika, ilmu komputer, statistika, matematika, atau bidang lain yang berhubungan
2. Memiliki pemahaman mendasar tentang Statistika Analitik, Machine Learning, Deep Learning untuk menyelesaikan permasalahan bisnis
3. Memiliki pengalaman kerja di bidang Data Science selama 1-3 tahun
4. Memiliki pemahaman dan pengalaman tentang Big Data
5. Memiliki kemampuan bekerja sama, kepemimpinan, dan problem solving yang baik",
kompetensi buat scientist apa aja?,qualification,"Untuk role Data Scientist ada beberapa kualifikasi yang harus dipenuhi:
1. Memiliki gelar sarjana di bidang informatika, ilmu komputer, statistika, matematika, atau bidang lain yang berhubungan
2. Memiliki pemahaman mendasar tentang Statistika Analitik, Machine Learning, Deep Learning untuk menyelesaikan permasalahan bisnis
3. Memiliki pengalaman kerja di bidang Data Science selama 1-3 tahun
4. Memiliki pemahaman dan pengalaman tentang Big Data
5. Memiliki kemampuan bekerja sama, kepemimpinan, dan problem solving yang baik",
data scientist harus bisa apa?,qualification,"Untuk role Data Scientist ada beberapa kualifikasi yang harus dipenuhi:
1. Memiliki gelar sarjana di bidang informatika, ilmu komputer, statistika, matematika, atau bidang lain yang berhubungan
2. Memiliki pemahaman mendasar tentang Statistika Analitik, Machine Learning, Deep Learning untuk menyelesaikan permasalahan bisnis
3. Memiliki pengalaman kerja di bidang Data Science selama 1-3 tahun
4. Memiliki pemahaman dan pengalaman tentang Big Data
5. Memiliki kemampuan bekerja sama, kepemimpinan, dan problem solving yang baik",
lulusan non teknik bisa daftar jadi data scientist?,qualification,"Untuk role Data Scientist ada beberapa kualifikasi yang harus dipenuhi:
1. Memiliki gelar sarjana di bidang informatika, ilmu komputer, statistika, matematika, atau bidang lain yang berhubungan
2. Memiliki pemahaman mendasar tentang Statistika Analitik, Machine Learning, Deep Learning untuk menyelesaikan permasalahan bisnis
3. Memiliki pengalaman kerja di bidang Data Science selama 1-3 tahun
4. Memiliki pemahaman dan pengalaman tentang Big Data
5. Memiliki kemampuan bekerja sama, kepemimpinan, dan problem solving yang baik",
kalau ga bisa IT bisa jadi data scientist?,qualification,"Untuk role Data Scientist ada beberapa kualifikasi yang harus dipenuhi:
1. Memiliki gelar sarjana di bidang informatika, ilmu komputer, statistika, matematika, atau bidang lain yang berhubungan
2. Memiliki pemahaman mendasar tentang Statistika Analitik, Machine Learning, Deep Learning untuk menyelesaikan permasalahan bisnis
3. Memiliki pengalaman kerja di bidang Data Science selama 1-3 tahun
4. Memiliki pemahaman dan pengalaman tentang Big Data
5. Memiliki kemampuan bekerja sama, kepemimpinan, dan problem solving yang baik",
kalau belum punya pengalaman bisa jadi data scientist?,qualification,"Untuk role Data Scientist ada beberapa kualifikasi yang harus dipenuhi:
1. Memiliki gelar sarjana di bidang informatika, ilmu komputer, statistika, matematika, atau bidang lain yang berhubungan
2. Memiliki pemahaman mendasar tentang Statistika Analitik, Machine Learning, Deep Learning untuk menyelesaikan permasalahan bisnis
3. Memiliki pengalaman kerja di bidang Data Science selama 1-3 tahun
4. Memiliki pemahaman dan pengalaman tentang Big Data
5. Memiliki kemampuan bekerja sama, kepemimpinan, dan problem solving yang baik",
kualifikasi data scientist gimana?,qualification,"Untuk role Data Scientist ada beberapa kualifikasi yang harus dipenuhi:
1. Memiliki gelar sarjana di bidang informatika, ilmu komputer, statistika, matematika, atau bidang lain yang berhubungan
2. Memiliki pemahaman mendasar tentang Statistika Analitik, Machine Learning, Deep Learning untuk menyelesaikan permasalahan bisnis
3. Memiliki pengalaman kerja di bidang Data Science selama 1-3 tahun
4. Memiliki pemahaman dan pengalaman tentang Big Data
5. Memiliki kemampuan bekerja sama, kepemimpinan, dan problem solving yang baik",
daftar jadi data scientist harus bisa apa aja?,qualification,"Untuk role Data Scientist ada beberapa kualifikasi yang harus dipenuhi:
1. Memiliki gelar sarjana di bidang informatika, ilmu komputer, statistika, matematika, atau bidang lain yang berhubungan
2. Memiliki pemahaman mendasar tentang Statistika Analitik, Machine Learning, Deep Learning untuk menyelesaikan permasalahan bisnis
3. Memiliki pengalaman kerja di bidang Data Science selama 1-3 tahun
4. Memiliki pemahaman dan pengalaman tentang Big Data
5. Memiliki kemampuan bekerja sama, kepemimpinan, dan problem solving yang baik",
kalau jurusan tidak tertulis apa bisa jadi data scientist?,qualification,"Untuk role Data Scientist ada beberapa kualifikasi yang harus dipenuhi:
1. Memiliki gelar sarjana di bidang informatika, ilmu komputer, statistika, matematika, atau bidang lain yang berhubungan
2. Memiliki pemahaman mendasar tentang Statistika Analitik, Machine Learning, Deep Learning untuk menyelesaikan permasalahan bisnis
3. Memiliki pengalaman kerja di bidang Data Science selama 1-3 tahun
4. Memiliki pemahaman dan pengalaman tentang Big Data
5. Memiliki kemampuan bekerja sama, kepemimpinan, dan problem solving yang baik",
bagaimana kualifikasi data scientist yang dicari?,qualification,"Untuk role Data Scientist ada beberapa kualifikasi yang harus dipenuhi:
1. Memiliki gelar sarjana di bidang informatika, ilmu komputer, statistika, matematika, atau bidang lain yang berhubungan
2. Memiliki pemahaman mendasar tentang Statistika Analitik, Machine Learning, Deep Learning untuk menyelesaikan permasalahan bisnis
3. Memiliki pengalaman kerja di bidang Data Science selama 1-3 tahun
4. Memiliki pemahaman dan pengalaman tentang Big Data
5. Memiliki kemampuan bekerja sama, kepemimpinan, dan problem solving yang baik",
kalau ga bisa data science boleh daftar data scientist?,qualification,"Untuk role Data Scientist ada beberapa kualifikasi yang harus dipenuhi:
1. Memiliki gelar sarjana di bidang informatika, ilmu komputer, statistika, matematika, atau bidang lain yang berhubungan
2. Memiliki pemahaman mendasar tentang Statistika Analitik, Machine Learning, Deep Learning untuk menyelesaikan permasalahan bisnis
3. Memiliki pengalaman kerja di bidang Data Science selama 1-3 tahun
4. Memiliki pemahaman dan pengalaman tentang Big Data
5. Memiliki kemampuan bekerja sama, kepemimpinan, dan problem solving yang baik",
ga bisa coding boleh daftar data science?,qualification,"Untuk role Data Scientist ada beberapa kualifikasi yang harus dipenuhi:
1. Memiliki gelar sarjana di bidang informatika, ilmu komputer, statistika, matematika, atau bidang lain yang berhubungan
2. Memiliki pemahaman mendasar tentang Statistika Analitik, Machine Learning, Deep Learning untuk menyelesaikan permasalahan bisnis
3. Memiliki pengalaman kerja di bidang Data Science selama 1-3 tahun
4. Memiliki pemahaman dan pengalaman tentang Big Data
5. Memiliki kemampuan bekerja sama, kepemimpinan, dan problem solving yang baik",
ga bisa coding boleh daftar data scientist?,qualification,"Untuk role Data Scientist ada beberapa kualifikasi yang harus dipenuhi:
1. Memiliki gelar sarjana di bidang informatika, ilmu komputer, statistika, matematika, atau bidang lain yang berhubungan
2. Memiliki pemahaman mendasar tentang Statistika Analitik, Machine Learning, Deep Learning untuk menyelesaikan permasalahan bisnis
3. Memiliki pengalaman kerja di bidang Data Science selama 1-3 tahun
4. Memiliki pemahaman dan pengalaman tentang Big Data
5. Memiliki kemampuan bekerja sama, kepemimpinan, dan problem solving yang baik",
ga ngerti data science tapi mau daftar,qualification,"Untuk role Data Scientist ada beberapa kualifikasi yang harus dipenuhi:
1. Memiliki gelar sarjana di bidang informatika, ilmu komputer, statistika, matematika, atau bidang lain yang berhubungan
2. Memiliki pemahaman mendasar tentang Statistika Analitik, Machine Learning, Deep Learning untuk menyelesaikan permasalahan bisnis
3. Memiliki pengalaman kerja di bidang Data Science selama 1-3 tahun
4. Memiliki pemahaman dan pengalaman tentang Big Data
5. Memiliki kemampuan bekerja sama, kepemimpinan, dan problem solving yang baik",
ga ngerti data science tapi kepengen daftar,qualification,"Untuk role Data Scientist ada beberapa kualifikasi yang harus dipenuhi:
1. Memiliki gelar sarjana di bidang informatika, ilmu komputer, statistika, matematika, atau bidang lain yang berhubungan
2. Memiliki pemahaman mendasar tentang Statistika Analitik, Machine Learning, Deep Learning untuk menyelesaikan permasalahan bisnis
3. Memiliki pengalaman kerja di bidang Data Science selama 1-3 tahun
4. Memiliki pemahaman dan pengalaman tentang Big Data
5. Memiliki kemampuan bekerja sama, kepemimpinan, dan problem solving yang baik",
belum punya pengalaman tapi kepengen daftar data scientist,belum punya pengalaman tapi mau daftar data scientist,qualification,"Untuk role Data Scientist ada beberapa kualifikasi yang harus dipenuhi:
1. Memiliki gelar sarjana di bidang informatika, ilmu komputer, statistika, matematika, atau bidang lain yang berhubungan
2. Memiliki pemahaman mendasar tentang Statistika Analitik, Machine Learning, Deep Learning untuk menyelesaikan permasalahan bisnis
3. Memiliki pengalaman kerja di bidang Data Science selama 1-3 tahun
4. Memiliki pemahaman dan pengalaman tentang Big Data
5. Memiliki kemampuan bekerja sama, kepemimpinan, dan problem solving yang baik"
belum punya pengalaman tapi mau daftar data scientist,belum punya pengalaman tapi mau daftar data scientist,qualification,"Untuk role Data Scientist ada beberapa kualifikasi yang harus dipenuhi:
1. Memiliki gelar sarjana di bidang informatika, ilmu komputer, statistika, matematika, atau bidang lain yang berhubungan
2. Memiliki pemahaman mendasar tentang Statistika Analitik, Machine Learning, Deep Learning untuk menyelesaikan permasalahan bisnis
3. Memiliki pengalaman kerja di bidang Data Science selama 1-3 tahun
4. Memiliki pemahaman dan pengalaman tentang Big Data
5. Memiliki kemampuan bekerja sama, kepemimpinan, dan problem solving yang baik"
pengalaman lebih dari tiga tahun tapi mau lamar data scientist,qualification,"Untuk role Data Scientist ada beberapa kualifikasi yang harus dipenuhi:
1. Memiliki gelar sarjana di bidang informatika, ilmu komputer, statistika, matematika, atau bidang lain yang berhubungan
2. Memiliki pemahaman mendasar tentang Statistika Analitik, Machine Learning, Deep Learning untuk menyelesaikan permasalahan bisnis
3. Memiliki pengalaman kerja di bidang Data Science selama 1-3 tahun
4. Memiliki pemahaman dan pengalaman tentang Big Data
5. Memiliki kemampuan bekerja sama, kepemimpinan, dan problem solving yang baik",
pengalaman lebih dari tiga tahun tapi kepingin lamar data scientist,qualification,"Untuk role Data Scientist ada beberapa kualifikasi yang harus dipenuhi:
1. Memiliki gelar sarjana di bidang informatika, ilmu komputer, statistika, matematika, atau bidang lain yang berhubungan
2. Memiliki pemahaman mendasar tentang Statistika Analitik, Machine Learning, Deep Learning untuk menyelesaikan permasalahan bisnis
3. Memiliki pengalaman kerja di bidang Data Science selama 1-3 tahun
4. Memiliki pemahaman dan pengalaman tentang Big Data
5. Memiliki kemampuan bekerja sama, kepemimpinan, dan problem solving yang baik",
thanks,penutup,Terima kasih telah bertanya. Senang bisa membantumu :D,
thank you,penutup,Terima kasih telah bertanya. Senang bisa membantumu :D,
trims,penutup,Terima kasih telah bertanya. Senang bisa membantumu :D,
terima kasih,penutup,Terima kasih telah bertanya. Senang bisa membantumu :D,
terimakasih,penutup,Terima kasih telah bertanya. Senang bisa membantumu :D,
sankyu,penutup,Terima kasih telah bertanya. Senang bisa membantumu :D,
sengkyu,penutup,Terima kasih telah bertanya. Senang bisa membantumu :D,
thnx,penutup,Terima kasih telah bertanya. Senang bisa membantumu :D,
thx,penutup,Terima kasih telah bertanya. Senang bisa membantumu :D,
tq,penutup,Terima kasih telah bertanya. Senang bisa membantumu :D,
tengkyu,penutup,Terima kasih telah bertanya. Senang bisa membantumu :D,
trmksh,penutup,Terima kasih telah bertanya. Senang bisa membantumu :D,
makasih,penutup,Terima kasih telah bertanya. Senang bisa membantumu :D,
sampai jumpa,penutup,Terima kasih telah bertanya. Senang bisa membantumu :D,
bye,penutup,Terima kasih telah bertanya. Senang bisa membantumu :D,
sayonara,penutup,Terima kasih telah bertanya. Senang bisa membantumu :D,
good bye,penutup,Terima kasih telah bertanya. Senang bisa membantumu :D,
gbye,penutup,Terima kasih telah bertanya. Senang bisa membantumu :D,
thanx,penutup,Terima kasih telah bertanya. Senang bisa membantumu :D,
dadah,penutup,Terima kasih telah bertanya. Senang bisa membantumu :D,
dah,penutup,Terima kasih telah bertanya. Senang bisa membantumu :D,
